text,author,weight
2年間だけ食料品の税率を1％に下げて、戻す時は現金給付で不満を抑えるというなら、結局は増税への反発をいつものように金で抑える発想でしかない 下げる、戻す、給付するを繰り返せば制度は複雑になり、現場も家計も振り回されるだけになるだろう 本当に必要なのは、その場しのぎの給付ではなく、先まで見通せる一貫した支援策と社会保障の設計だと思うのだが、今の与党にはそれも分からないようだ,jtt********,24542
選挙の公約とは何であるのか それを先に考えるべきではないでしょうかね 選挙に通りたいだけで嘘八百をならべて通ってしまえば掌返しはもうそろそろ辞めにして欲しいですね 選挙公約不履行違反の罰則を作って欲しいものです 有権者がしっかりと公約違反を覚えておいて次の選挙で落選させれば良いだけなんですがどうも有権者はすぐに忘れてしまうのが問題なのでしょうね,mmm********,22275
消費減税を巡る議論がまとまらなかったからといって、公約の実現を先送りする理由にはならない。選挙で減税を掲げて国民の支持を得た以上、政権には公約を果たす責任がある。物価高が長引く中、国民が求めているのは結論の出ない協議ではなく、家計を支える減税の実行だ。政府は責任ある決断を示し、公約を着実に実現すべきである。,ZONE,14120
しかしながら過去にあれだけ批判されて 防衛大臣から左遷だか更迭だかされて その後はまるっきり露出が制限されてましたよね 干された期間で何が改善されたのかなと思っても 何も改善されてないね むしろ危なさが増した感じがします,zpn********,13501
食品の消費税が下がれば確かに年間数万円は助かる。でも、 社会保険料 所得税・住民税 ガソリン税などの二重課税 納得できない補助金や事業 巨額の基金・予算の使い残し ここを放置したまま、しかも食品減税はたった2年間。結局、別の税金や保険料で穴埋めされたら、取る場所を変えただけなんだよね 本気なら「食品減税の恒久化＋社会保険料の引下げ＋無駄な支出の整理＋穴埋め増税なし」までセットでやらないと、生活が楽になったとは感じられない。 年間7～8万円減るのはありがたいけど、国民負担全体から見れば“一応やった感”の域を出てない,yur********,10206
近年、政府内で言われている中低所得者の勤労者は年収約540万円以下とされているようで、月給約45万円以下(ボーナス無)、勤労者とは雇われている労働者ということらしいです。 私個人としては無駄に手数料や時間を要する集めて配る(そんな財源があるぐらい)なら、社会保険料や厚生年金保険料、所得税や住民税などを大幅に引き下げて手取りをあげる方が得策かと思います。 同じ配ることをするなら、その財源をもって既に行っている年金を少し増額した方が無駄な歳出(手数料)を少しでも無くせるように思える。 欲を言えば生活保護制度も制度改正して階級を用い、それぞれ働けない事情に応じた階級で金額を設定すれば良いと思う。 株などで余裕があり生活保護を受けなくてもいい人が受けれたり、法律で(日本)国民という言うことが前提になっているのに外国人に支給したりと意味不明なことになっているから、改める必要がある。,klq********,10136
増税の政策はすぐ決めるのに、生活が苦しい人への支援は後から考える。なんだか順番が逆じゃないですか。 たしかに、現金給付をもらって困る人はいないでしょうが、物価高で食費を削っている家庭にとっては、数年後の増税まで見据えたら不安は消えません。 給付をちらつかせれば納得してもらえると思っているなら、ちょっと甘いですよ。結局は私たちの暮らしを本当に分かっているのか。次の選挙では、目先の給付だけでなく、その先までよく見て判断したいですね。,RAI,9998
食料品の消費税を1％まで下げておきながら、 2年後には一気に8％へ戻し、 その負担増を現金給付で和らげる。 税を下げ、 また上げ、 上げるときには給付する。 これでは何のための減税なのか 分かりません。 物価高で家計が苦しいのであれば、 必要なのは一時的な給付で 増税の痛みを薄めることではなく、 負担そのものを 継続的に軽くすることです。 せっかく減税するのであれば、 最初から 「2年後に元へ戻す」ことを前提にするのではなく、 その効果を見ながら 恒久化まで検討すべきだと思います。,bos********,8684
後出しの弁解や言い訳に有権者がそうだったのかと納得すると思っているのなら二重に騙していることになると思うが、潔く先ずは謝罪からだろう。 その上でお願いしますと言った選挙の時のその同じSNSに懸念事項があると書けばよかったのではないのか、お願いは先で後から実はと反対に回った内容を言い出すのは裏切りであり嘘と思われても仕方のないこと。誠実さが見えない対応だと思う。,nrf********,8243
「消費税を2年後には責任を持って確実に戻す」――この言葉を聞いて、いったい誰のための政治なのかと思う。国民に向かって減税を説明するはずが、まるで減税に反対する財務省や財政反対派に対して「必ず増税に戻しますから安心してください」と弁明しているようにしか聞こえない。 物価高で家計が苦しんでいる国民が求めているのは、2年後の増税を約束する政治家ではない。いま目の前にある負担をどう軽減し、生活をどう立て直すのかという具体的な政策だ。それなのに、減税することへの説明より、将来必ず元に戻すことを強調する。これでは「減税を許してもらうために、元に戻すことを約束する」と言っているのと同じではないか。経済状況がどう変化するかも分からない2年後の増税を「確実に」約束することに、何の合理性があるのか。政治家が向き合うべき相手は霞が関でも党内でもなく国民だ。その基本すら取り違えている。,fn,8142
石破前首相が食料品の消費税1％への減税見直しに言及したことは、公約との整合性を揺るがす不見識な発言だ。 選挙後になって見直し論を示す姿勢は、有権者への説明責任を軽視しているとの疑念を招く。財界への配慮を強調した発言も、公約実現より反発回避を優先する印象を与える。発言の真意や政治的意図について、国民が納得できる明確な説明が求められる。,ZONE,7781
景気がよければ税収は上振れする。 法人税収は、昨年から３.８兆円増えている。所得税収も４兆円増えている。 経済を発展させれば税収は増える。一番確実は財源は、経済成長。 税金で罰金を取る様な政策をすれば、税収の果実は収穫できるが、 実をつける木は枯れていく。 収入の半分が税金や社会保険料に消える。これでは生活は罰ゲームになる。 外為特会の税外収入もある。効果の薄い補助金や交付金の見直しもする。 消費税減税の５兆円の財源で大騒ぎするけれど、実は、税収の上振れだけで５兆円の枠が埋まりそうな気もする。 自民党は選挙公約で消費税減税を掲げていた。 減税に反対なら、この時に離党すべきだった。 SNSで消費税減税を約束しますなんて投稿をしておきながら、今になって「私は反対です」なんてやっても、それは「裏切者」そのもの。,000326,7480
日本はこれまで国内が厳しくても海外支援を続け さらに対米80兆円投資まで約束しているわけで、これこそ円安要因だと思います。 おかげで、すでに物価高により日本国民からの消費税の吸い上げ方が激しいです。 これだけ吸い上げ、過去最高税収更新中にも関わらず、国の財政が悪くなるとして、増税しないといけないかのような論調に持っていく様は、どこかの役所からの進言なのでしょうか？やはり現状ではその主張には無理があると思います。 野党の賛同も得て減税を行う目論見は崩れた形、と減税しない責任を自党ではなく野党にすり替えることも、同様に、無理があると思います。,ぶっちゃけcfo*****,7157
毎年毎年過去最高税種と言っているのだからそこから財源くらい捻り出すのがプロである財務省の腕の見せ所ではないのか。増税する際は大した議論もなくさっさと上げる、社会保険料など国民が知らぬ間に上げる、なのに減税となると何をモタモタやっているのか。 消費税は導入以来一度も下げられたことがなく、下げたらどのような効果が出るのかやってみなければ分からない。公約に掲げたのだからやることを何よりも優先して国民生活を守ることをやってほしいですよ。,udx********,6231
中低所得者に対し1%に相当する範囲内で給付を行うとのことですが、 所得の低い世帯ほど、所得に対する消費税負担の割合が高くなる という消費税の逆進性を問題にするのなら、給付ではなく、 一律減税にすればいいだけのことでしょう。減税の時だけ財源と言うのですよね。 補助金や公務員給与アップの時は言わないのに。,ぶっちゃけcfo*****,6217
例えば20年前から、30年前から上がってないものは所得くらいじゃないですか？ 2倍以上の金額になっている物もあると思います。 そうなれば、生活が苦しくなるのは当たり前ですよね。 根本的な所を見た方が良いです。 消費税を一時的に下げます。元に戻すのに一部分の人だけ現金あげますって、おかしいですよ。 個人的には、働いていない議員を辞めさせ、議員数を減らします。議員報酬は日本の平均所得にしますとかやって欲しいですね。 そうなれば、議員も自分の所得を上げるため本気で仕事をすると思います。,pan********,5869
2025年度（直近の確定値）の国の税収は84兆2226億円となり、初めて80兆円台に乗せて6年連続で過去最高を更新したそうです 政府の試算によると、食料品の消費税率を1%に引き下げた場合、国と地方を合わせた税収は年間約4.3兆円〜5兆円減少するみたいです そんなに心配しなくてもいい気はしますが、 これを機会に採算取れてないプロジェクトとか、無駄使いしている政策とか、いろいろ見直して欲しいとは思います,sme********,5753
消費税減税の財源が不透明というなら、政府の積極財政、副首都構想、これも財源が不透明ではないでしょうか。こちらももう一度見直して大幅に縮小しないといけないのでは。 無駄な支出が多すぎるのと、消費税とは逆に下げてきた法人税を上げることも検討してほしい。,qdw********,5732
「取ってから複雑な制度で返す」という給付付き税額控除より、最初から消費税を下げる方が、国民にとってははるかに分かりやすいと思います。所得や資産を細かく把握し、対象者を判定し、申請や給付の仕組みを作れば、そのための行政コストやシステム費用も当然かかります。しかも制度が複雑になるほど、対象なのに申請できない人や、制度そのものを理解できない人も出てきます。もちろん低所得者に重点的に支援できる利点はありますが、物価高対策として即効性を求めるなら、広く薄く負担を下げる消費減税の方が素直でしょう。最近の政策は、国民に分かりやすくするより、制度を複雑にすること自体が目的になっていないかと感じます。取ってから返すより、最初から取らない。その方がずっと簡単です。,tsu********,5301
消費税減税やってみたら良いんじゃないんでしょうか。財源が不透明なら市場が反応してさらに円安になって物価も上がるんでしょう。財源が明確なら市場は反応しない。物価が上がっても選挙で自民党に入れた人は文句は言えません。自民党を支持した人はどんな結果になっても文句を言わず受け入れるべきだと思います。減税はやるべきだと思います。,mas********,4709
